{
  "accuracy": 0.7849593495934959,
  "precision": 0.713849908480781,
  "recall": 0.9512195121951219,
  "f1": 0.8156151969327292,
  "roc_auc": 0.8351179853261947,
  "pr_auc": 0.7929475514947851,
  "threshold": 0.26
}