{
  "accuracy": [
    0.7314062714576721,
    0.7839062213897705,
    0.7845312356948853,
    0.788281261920929,
    0.7884374856948853,
    0.7801562547683716,
    0.8031250238418579,
    0.8121874928474426,
    0.815625011920929,
    0.8182812333106995,
    0.8287500143051147,
    0.8226562738418579
  ],
  "loss": [
    0.5204341411590576,
    0.45848357677459717,
    0.45878446102142334,
    0.4468146562576294,
    0.44583576917648315,
    0.45400914549827576,
    0.4281187057495117,
    0.42004379630088806,
    0.40588709712028503,
    0.39863431453704834,
    0.388077974319458,
    0.3827574849128723
  ],
  "pr_auc": [
    0.7077986598014832,
    0.7363103628158569,
    0.7409054040908813,
    0.7548307180404663,
    0.7691625356674194,
    0.7533758878707886,
    0.8051892518997192,
    0.8135530948638916,
    0.8261823654174805,
    0.8422540426254272,
    0.8453974723815918,
    0.8619316816329956
  ],
  "roc_auc": [
    0.7813852429389954,
    0.8178780674934387,
    0.8198214769363403,
    0.830045759677887,
    0.8382682800292969,
    0.8243159055709839,
    0.8590055704116821,
    0.8666990995407104,
    0.8767699599266052,
    0.8835580945014954,
    0.8888159394264221,
    0.8939988613128662
  ],
  "val_accuracy": [
    0.7520325183868408,
    0.7544715404510498,
    0.7361788749694824,
    0.7565040588378906,
    0.742682933807373,
    0.7691056728363037,
    0.7593495845794678,
    0.7166666388511658,
    0.7650406360626221,
    0.777235746383667,
    0.7991870045661926,
    0.8008130192756653
  ],
  "val_loss": [
    0.5184164643287659,
    0.5176970958709717,
    0.5251713991165161,
    0.515015721321106,
    0.5488649010658264,
    0.5163838863372803,
    0.5202115774154663,
    0.5343933701515198,
    0.5180739164352417,
    0.4874303936958313,
    0.48987317085266113,
    0.4781825542449951
  ],
  "val_pr_auc": [
    0.7035017013549805,
    0.6641861200332642,
    0.6975104808807373,
    0.694946825504303,
    0.727429986000061,
    0.7123834490776062,
    0.7870555520057678,
    0.7187894582748413,
    0.7620061635971069,
    0.7538172602653503,
    0.7615302801132202,
    0.7678090929985046
  ],
  "val_roc_auc": [
    0.7685999870300293,
    0.7579060792922974,
    0.7763004899024963,
    0.7813424468040466,
    0.7900482416152954,
    0.7842249870300293,
    0.8358404636383057,
    0.8109921216964722,
    0.8385081887245178,
    0.8324614763259888,
    0.8427768349647522,
    0.8441014289855957
  ],
  "learning_rate": [
    0.0010000000474974513,
    0.0010000000474974513,
    0.0010000000474974513,
    0.0005000000237487257,
    0.0005000000237487257,
    0.0005000000237487257,
    0.0005000000237487257,
    0.0005000000237487257,
    0.0005000000237487257,
    0.0002500000118743628,
    0.0002500000118743628,
    0.0001250000059371814
  ]
}